                  epoch,         train/box_loss,         train/cls_loss,         train/dfl_loss,   metrics/precision(B),      metrics/recall(B),       metrics/mAP50(B),    metrics/mAP50-95(B),           val/box_loss,           val/cls_loss,           val/dfl_loss,                 lr/pg0,                 lr/pg1,                 lr/pg2
                      1,                 3.4999,                 5.8655,                 4.2652,                0.00049,                0.00153,                0.00055,                0.00015,                 3.5291,                 5.6061,                 4.1539,             3.5157e-05,             3.5157e-05,             3.5157e-05
                      2,                 3.5092,                 5.4438,                 4.0192,                0.00141,                0.01448,                 0.0013,                0.00032,                  3.471,                  5.202,                 3.9249,             6.3511e-05,             6.3511e-05,             6.3511e-05
                      3,                 3.4142,                 5.2291,                 3.7994,                0.00061,                0.02398,                0.00067,                0.00021,                 3.3524,                 5.0213,                 3.6615,              8.487e-05,              8.487e-05,              8.487e-05
                      4,                 3.2746,                 5.0706,                 3.6301,                0.00151,                0.03653,                0.00157,                0.00046,                 3.2487,                 4.9431,                 3.5563,             7.4518e-05,             7.4518e-05,             7.4518e-05
                      5,                 3.1585,                   4.95,                 3.4909,                0.38167,                0.00466,                0.00189,                0.00066,                   3.09,                 4.7975,                 3.3686,             7.4518e-05,             7.4518e-05,             7.4518e-05
